original,paraphrase,style
What payment methods do you support (e.g., credit cards, debit cards, UPI, wallets, net banking)?,Which payment options are available on your platform?,formal
What payment methods do you support (e.g., credit cards, debit cards, UPI, wallets, net banking)?,Can you list all the accepted payment methods?,formal
What payment methods do you support (e.g., credit cards, debit cards, UPI, wallets, net banking)?,What are the different ways I can pay for my subscription?,casual
What payment methods do you support (e.g., credit cards, debit cards, UPI, wallets, net banking)?,Do you accept credit cards, debit cards, and digital wallets?,casual
What payment methods do you support (e.g., credit cards, debit cards, UPI, wallets, net banking)?,Show me all available payment options,casual
What payment methods do you support (e.g., credit cards, debit cards, UPI, wallets, net banking)?,support which payment method,direct
What payment methods do you support (e.g., credit cards, debit cards, UPI, wallets, net banking)?,what payment methods you support,direct
What payment methods do you support (e.g., credit cards, debit cards, UPI, wallets, net banking)?,list all payment methods,direct
What payment methods do you support (e.g., credit cards, debit cards, UPI, wallets, net banking)?,show payment methods,direct
What payment methods do you support (e.g., credit cards, debit cards, UPI, wallets, net banking)?,all supported payment options,direct
Do you support any international payment options? If yes, are there any additional charges or fees?,Can I pay using international credit cards?,casual
Do you support any international payment options? If yes, are there any additional charges or fees?,Are there extra fees for overseas payments?,casual
Do you support any international payment options? If yes, are there any additional charges or fees?,Do you accept foreign currency transactions?,formal
Do you support any international payment options? If yes, are there any additional charges or fees?,What are the charges for international payment methods?,formal
Do you support any international payment options? If yes, are there any additional charges or fees?,Can users from other countries make payments on your app?,casual
Do you support any international payment options? If yes, are there any additional charges or fees?,international payment methods,direct
Do you support any international payment options? If yes, are there any additional charges or fees?,foreign payment options,direct
Do you support any international payment options? If yes, are there any additional charges or fees?,overseas payment support,direct
Do you support any international payment options? If yes, are there any additional charges or fees?,global payment methods,direct
Do you support any international payment options? If yes, are there any additional charges or fees?,international cards accepted,direct
Are there any EMI options or "pay later" features for highvalue subscriptions?,Can I pay for expensive plans in installments?,casual
Are there any EMI options or "pay later" features for highvalue subscriptions?,Do you offer buy now pay later facility?,casual
Are there any EMI options or "pay later" features for highvalue subscriptions?,Is EMI available for premium subscription plans?,formal
Are there any EMI options or "pay later" features for highvalue subscriptions?,Can I split payments for costly subscriptions?,casual
Are there any EMI options or "pay later" features for highvalue subscriptions?,Are there flexible payment options for highvalue plans?,formal
Are there any EMI options or "pay later" features for highvalue subscriptions?,EMI options available,direct
Are there any EMI options or "pay later" features for highvalue subscriptions?,pay later feature,direct
Are there any EMI options or "pay later" features for highvalue subscriptions?,installment payment plans,direct
Are there any EMI options or "pay later" features for highvalue subscriptions?,buy now pay later,direct
Are there any EMI options or "pay later" features for highvalue subscriptions?,flexible payment options,direct
Does your app have an autorenewal feature for subscriptions? If so, how can users manage or disable it?,How do I turn off automatic subscription renewal?,casual
Does your app have an autorenewal feature for subscriptions? If so, how can users manage or disable it?,Can I disable autopay for my subscription?,casual
Does your app have an autorenewal feature for subscriptions? If so, how can users manage or disable it?,Where is the setting to stop automatic billing?,casual
Does your app have an autorenewal feature for subscriptions? If so, how can users manage or disable it?,How to manage recurring payment settings?,formal
Does your app have an autorenewal feature for subscriptions? If so, how can users manage or disable it?,Can I control when my subscription renews automatically?,casual
Does your app have an autorenewal feature for subscriptions? If so, how can users manage or disable it?,auto renewal settings,direct
Does your app have an autorenewal feature for subscriptions? If so, how can users manage or disable it?,disable automatic payments,direct
Does your app have an autorenewal feature for subscriptions? If so, how can users manage or disable it?,stop recurring billing,direct
Does your app have an autorenewal feature for subscriptions? If so, how can users manage or disable it?,manage subscription renewal,direct
Does your app have an autorenewal feature for subscriptions? If so, how can users manage or disable it?,turn off auto pay,direct
Are invoices or receipts automatically generated after payments? If yes, where can users find them?,Where can I download my payment receipt?,casual
Are invoices or receipts automatically generated after payments? If yes, where can users find them?,Do I get an invoice after making payment?,casual
Are invoices or receipts automatically generated after payments? If yes, where can users find them?,How to access my payment confirmation documents?,formal
Are invoices or receipts automatically generated after payments? If yes, where can users find them?,Are transaction receipts available in the app?,casual
Are invoices or receipts automatically generated after payments? If yes, where can users find them?,Where are my billing statements stored?,casual
Are invoices or receipts automatically generated after payments? If yes, where can users find them?,download payment receipt,direct
Are invoices or receipts automatically generated after payments? If yes, where can users find them?,get invoice copy,direct
Are invoices or receipts automatically generated after payments? If yes, where can users find them?,payment confirmation document,direct
Are invoices or receipts automatically generated after payments? If yes, where can users find them?,billing statement location,direct
Are invoices or receipts automatically generated after payments? If yes, where can users find them?,transaction receipt access,direct
Under what circumstances are refunds offered (e.g., dissatisfaction, technical issues)?,When am I eligible for getting my money back?,casual
Under what circumstances are refunds offered (e.g., dissatisfaction, technical issues)?,What are valid reasons for requesting a refund?,formal
Under what circumstances are refunds offered (e.g., dissatisfaction, technical issues)?,In which situations can I claim a refund?,formal
Under what circumstances are refunds offered (e.g., dissatisfaction, technical issues)?,What qualifies as grounds for refund eligibility?,formal
Under what circumstances are refunds offered (e.g., dissatisfaction, technical issues)?,Under what conditions do you process refunds?,formal
Under what circumstances are refunds offered (e.g., dissatisfaction, technical issues)?,refund eligibility criteria,direct
Under what circumstances are refunds offered (e.g., dissatisfaction, technical issues)?,valid refund reasons,direct
Under what circumstances are refunds offered (e.g., dissatisfaction, technical issues)?,refund qualification conditions,direct
Under what circumstances are refunds offered (e.g., dissatisfaction, technical issues)?,grounds for money back,direct
Under what circumstances are refunds offered (e.g., dissatisfaction, technical issues)?,refund circumstances,direct
Are refunds applicable to all subscription plans or specific ones only?,Which subscription types are eligible for refunds?,formal
Are refunds applicable to all subscription plans or specific ones only?,Can I get refund on any plan I purchase?,casual
Are refunds applicable to all subscription plans or specific ones only?,Do all membership tiers qualify for money back?,casual
Are refunds applicable to all subscription plans or specific ones only?,Are there plan restrictions for refund requests?,formal
Are refunds applicable to all subscription plans or specific ones only?,Which subscriptions have refund coverage?,formal
Are refunds applicable to all subscription plans or specific ones only?,refund applicable plans,direct
Are refunds applicable to all subscription plans or specific ones only?,subscription refund eligibility,direct
Are refunds applicable to all subscription plans or specific ones only?,plan specific refunds,direct
Are refunds applicable to all subscription plans or specific ones only?,membership refund coverage,direct
Are refunds applicable to all subscription plans or specific ones only?,refund plan restrictions,direct
Do you offer a "trial period" where refunds are automatically granted if canceled within a set time?,Is there a moneyback guarantee period?,casual
Do you offer a "trial period" where refunds are automatically granted if canceled within a set time?,Can I get full refund if I cancel within trial days?,casual
Do you offer a "trial period" where refunds are automatically granted if canceled within a set time?,Do you have a riskfree trial with automatic refunds?,casual
Do you offer a "trial period" where refunds are automatically granted if canceled within a set time?,Is there a satisfaction guarantee window?,casual
Do you offer a "trial period" where refunds are automatically granted if canceled within a set time?,What is your trial period refund policy?,formal
Do you offer a "trial period" where refunds are automatically granted if canceled within a set time?,trial period refund,direct
Do you offer a "trial period" where refunds are automatically granted if canceled within a set time?,money back guarantee,direct
Do you offer a "trial period" where refunds are automatically granted if canceled within a set time?,risk free trial,direct
Do you offer a "trial period" where refunds are automatically granted if canceled within a set time?,satisfaction guarantee,direct
Do you offer a "trial period" where refunds are automatically granted if canceled within a set time?,automatic refund trial,direct
What is the procedure to request a refund? Is it appbased or does it involve external communication?,How do I apply for getting my money back?,casual
What is the procedure to request a refund? Is it appbased or does it involve external communication?,What are the steps to initiate a refund request?,formal
What is the procedure to request a refund? Is it appbased or does it involve external communication?,Where do I submit my refund application?,casual
What is the procedure to request a refund? Is it appbased or does it involve external communication?,Can I request refunds directly through the app?,casual
What is the procedure to request a refund? Is it appbased or does it involve external communication?,What is the refund request procedure?,formal
What is the procedure to request a refund? Is it appbased or does it involve external communication?,refund request procedure,direct
What is the procedure to request a refund? Is it appbased or does it involve external communication?,how to apply refund,direct
What is the procedure to request a refund? Is it appbased or does it involve external communication?,refund application steps,direct
What is the procedure to request a refund? Is it appbased or does it involve external communication?,initiate refund process,direct
What is the procedure to request a refund? Is it appbased or does it involve external communication?,what is refund process?,direct
What is the procedure to request a refund? Is it appbased or does it involve external communication?,guide for refund process,direct
How long does it typically take to process refunds?,What is the expected time for refund completion?,formal
How long does it typically take to process refunds?,How many days until I receive my refund?,casual
How long does it typically take to process refunds?,What is the usual refund processing duration?,formal
How long does it typically take to process refunds?,When will my money be credited back?,casual
How long does it typically take to process refunds?,How much time does refund approval take?,casual
How long does it typically take to process refunds?,refund processing time,direct
How long does it typically take to process refunds?,refund completion duration,direct
How long does it typically take to process refunds?,how long refund takes,direct
How long does it typically take to process refunds?,refund timeline,direct
How long does it typically take to process refunds?,money back timeframe,direct
Do you allow partial refunds (e.g., for unused portions of subscriptions)?,Can I get money back for remaining subscription days?,casual
Do you allow partial refunds (e.g., for unused portions of subscriptions)?,Is prorated refund available for unused service time?,formal
Do you allow partial refunds (e.g., for unused portions of subscriptions)?,Do you refund for the unused part of my plan?,casual
Do you allow partial refunds (e.g., for unused portions of subscriptions)?,Can I claim partial amount for unutilized subscription?,formal
Do you allow partial refunds (e.g., for unused portions of subscriptions)?,Is proportional refund possible for remaining period?,formal
Do you allow partial refunds (e.g., for unused portions of subscriptions)?,partial refund policy,direct
Do you allow partial refunds (e.g., for unused portions of subscriptions)?,unused subscription refund,direct
How do you handle refunds for promotional or discounted plans?,Can I get refund on discounted subscription purchases?,casual
How do you handle refunds for promotional or discounted plans?,What is the refund policy for promotional offers?,formal
How do you handle refunds for promotional or discounted plans?,How are refunds calculated for plans bought on sale?,formal
How do you handle refunds for promotional or discounted plans?,Do special price subscriptions qualify for refunds?,casual
How do you handle refunds for promotional or discounted plans?,How do you process refunds for couponbased purchases?,formal
How do you handle refunds for promotional or discounted plans?,promotional plan refunds,direct
How do you handle refunds for promotional or discounted plans?,discounted subscription refund,direct
How do you handle refunds for promotional or discounted plans?,sale price refund policy,direct
How do you handle refunds for promotional or discounted plans?,coupon purchase refunds,direct
How do you handle refunds for promotional or discounted plans?,special offer refunds,direct
What steps should a user take if a refund is not credited after the specified time?,My refund is delayed, what should I do?,casual
What steps should a user take if a refund is not credited after the specified time?,Who to contact when refund doesn't arrive on time?,casual
What steps should a user take if a refund is not credited after the specified time?,How to follow up on pending refund requests?,formal
What steps should a user take if a refund is not credited after the specified time?,What if my refund processing exceeds promised timeline?,formal
What steps should a user take if a refund is not credited after the specified time?,Where to escalate overdue refund matters?,formal
What steps should a user take if a refund is not credited after the specified time?,delayed refund issues,direct
What steps should a user take if a refund is not credited after the specified time?,refund not received,direct
What steps should a user take if a refund is not credited after the specified time?,overdue refund problems,direct
What steps should a user take if a refund is not credited after the specified time?,pending refund follow up,direct
What steps should a user take if a refund is not credited after the specified time?,refund delay complaints,direct
Is there a grievance redressal mechanism for refund disputes?,How to file complaint about refund problems?,casual
Is there a grievance redressal mechanism for refund disputes?,What is the dispute resolution process for refunds?,formal
Is there a grievance redressal mechanism for refund disputes?,Where to report refundrelated grievances?,formal
Is there a grievance redressal mechanism for refund disputes?,Is there a complaint system for refund issues?,casual
Is there a grievance redressal mechanism for refund disputes?,How to escalate refund disagreements?,formal
Is there a grievance redressal mechanism for refund disputes?,refund dispute resolution,direct
Is there a grievance redressal mechanism for refund disputes?,refund grievance system,direct
Is there a grievance redressal mechanism for refund disputes?,complaint mechanism refunds,direct
Is there a grievance redressal mechanism for refund disputes?,refund disagreement escalation,direct
Is there a grievance redressal mechanism for refund disputes?,refund problem reporting,direct
Can users upgrade or downgrade their plans during a subscription cycle? If yes, how is pricing adjusted?,How to change my subscription plan midcycle?,casual
Can users upgrade or downgrade their plans during a subscription cycle? If yes, how is pricing adjusted?,What happens to pricing when I switch plans?,casual
Can users upgrade or downgrade their plans during a subscription cycle? If yes, how is pricing adjusted?,Can I modify my subscription before it expires?,casual
Can users upgrade or downgrade their plans during a subscription cycle? If yes, how is pricing adjusted?,How are charges calculated when changing plans?,formal
Can users upgrade or downgrade their plans during a subscription cycle? If yes, how is pricing adjusted?,Is plan modification allowed during active subscription?,formal
Can users upgrade or downgrade their plans during a subscription cycle? If yes, how is pricing adjusted?,upgrade downgrade subscription,direct
Can users upgrade or downgrade their plans during a subscription cycle? If yes, how is pricing adjusted?,change plan mid cycle,direct
Can users upgrade or downgrade their plans during a subscription cycle? If yes, how is pricing adjusted?,subscription plan modification,direct
Can users upgrade or downgrade their plans during a subscription cycle? If yes, how is pricing adjusted?,plan switching pricing,direct
Can users upgrade or downgrade their plans during a subscription cycle? If yes, how is pricing adjusted?,midcycle plan change,direct
How does the app handle expired subscriptions? Is there a grace period?,What happens when my subscription ends?,casual
How does the app handle expired subscriptions? Is there a grace period?,Do I get extra time after subscription expiry?,casual
How does the app handle expired subscriptions? Is there a grace period?,Is there a buffer period for expired subscriptions?,casual
How does the app handle expired subscriptions? Is there a grace period?,How long can I use services after subscription expires?,casual
How does the app handle expired subscriptions? Is there a grace period?,What is the grace period policy for ended subscriptions?,formal
How does the app handle expired subscriptions? Is there a grace period?,expired subscription handling,direct
How does the app handle expired subscriptions? Is there a grace period?,subscription expiry grace period,direct
How does the app handle expired subscriptions? Is there a grace period?,post expiry access,direct
How does the app handle expired subscriptions? Is there a grace period?,subscription end policy,direct
How does the app handle expired subscriptions? Is there a grace period?,grace period after expiry,direct
Can users reactivate canceled subscriptions? If yes, are there any conditions?,How to restart my cancelled subscription?,casual
Can users reactivate canceled subscriptions? If yes, are there any conditions?,Is it possible to resume terminated subscription?,formal
Can users reactivate canceled subscriptions? If yes, are there any conditions?,Can I reactivate my previously canceled plan?,casual
Can users reactivate canceled subscriptions? If yes, are there any conditions?,What are requirements to restore cancelled subscription?,formal
Can users reactivate canceled subscriptions? If yes, are there any conditions?,How to bring back my discontinued subscription?,casual
Can users reactivate canceled subscriptions? If yes, are there any conditions?,reactivate cancelled subscription,direct
Can users reactivate canceled subscriptions? If yes, are there any conditions?,restart terminated plan,direct
Can users reactivate canceled subscriptions? If yes, are there any conditions?,resume cancelled subscription,direct
Can users reactivate canceled subscriptions? If yes, are there any conditions?,restore discontinued plan,direct
Can users reactivate canceled subscriptions? If yes, are there any conditions?,bring back cancelled subscription,direct
Do you have loyalty points, referral bonuses, or rewards for payments? If yes, can they be converted into discounts or refunds?,Can I earn rewards through payments?,casual
Do you have loyalty points, referral bonuses, or rewards for payments? If yes, can they be converted into discounts or refunds?,Are there loyalty benefits for regular subscribers?,formal
Do you have loyalty points, referral bonuses, or rewards for payments? If yes, can they be converted into discounts or refunds?,Do you offer cashback or points for transactions?,casual
Do you have loyalty points, referral bonuses, or rewards for payments? If yes, can they be converted into discounts or refunds?,How to redeem payment rewards for discounts?,formal
Do you have loyalty points, referral bonuses, or rewards for payments? If yes, can they be converted into discounts or refunds?,What incentives do you provide for loyal customers?,formal
Do you have loyalty points, referral bonuses, or rewards for payments? If yes, can they be converted into discounts or refunds?,loyalty points rewards,direct
Do you have loyalty points, referral bonuses, or rewards for payments? If yes, can they be converted into discounts or refunds?,referral bonus system,direct
Do you have loyalty points, referral bonuses, or rewards for payments? If yes, can they be converted into discounts or refunds?,payment rewards program,direct
Do you have loyalty points, referral bonuses, or rewards for payments? If yes, can they be converted into discounts or refunds?,cashback on payments,direct
Do you have loyalty points, referral bonuses, or rewards for payments? If yes, can they be converted into discounts or refunds?,loyalty benefits subscribers,direct
Is there a way for users to view their past transactions and payment history within the app?,Where can I check my previous payment records?,casual
Is there a way for users to view their past transactions and payment history within the app?,How to access my transaction history?,formal
Is there a way for users to view their past transactions and payment history within the app?,Can I see all my past billing information?,casual
Is there a way for users to view their past transactions and payment history within the app?,Where is my payment history section?,casual
Is there a way for users to view their past transactions and payment history within the app?,How to view my complete transaction log?,formal
Is there a way for users to view their past transactions and payment history within the app?,view payment history,direct
Is there a way for users to view their past transactions and payment history within the app?,transaction history access,direct
Is there a way for users to view their past transactions and payment history within the app?,past payment records,direct
Is there a way for users to view their past transactions and payment history within the app?,billing history section,direct
Is there a way for users to view their past transactions and payment history within the app?,transaction log viewing,direct
Do you comply with regionspecific regulations (e.g., GST in India, VAT for international users)?,Are your payments compliant with local tax laws?,formal
Do you comply with regionspecific regulations (e.g., GST in India, VAT for international users)?,Do you follow regional taxation requirements?,formal
Do you comply with regionspecific regulations (e.g., GST in India, VAT for international users)?,Is GST included in Indian transactions?,casual
Do you comply with regionspecific regulations (e.g., GST in India, VAT for international users)?,How do you handle international tax compliance?,formal
Do you comply with regionspecific regulations (e.g., GST in India, VAT for international users)?,Are payments structured according to local regulations?,formal
Do you comply with regionspecific regulations (e.g., GST in India, VAT for international users)?,tax compliance regulations,direct
Do you comply with regionspecific regulations (e.g., GST in India, VAT for international users)?,GST VAT compliance,direct
Do you comply with regionspecific regulations (e.g., GST in India, VAT for international users)?,regional tax requirements,direct
Do you comply with regionspecific regulations (e.g., GST in India, VAT for international users)?,local taxation compliance,direct
Do you comply with regionspecific regulations (e.g., GST in India, VAT for international users)?,international tax handling,direct
Can I use multiple payment methods for a single transaction?,Is it possible to split payment between different methods?,casual
Can I use multiple payment methods for a single transaction?,Can I combine credit card and wallet for one purchase?,casual
Can I use multiple payment methods for a single transaction?,Do you allow mixed payment options for single transaction?,casual
Can I use multiple payment methods for a single transaction?,Can I pay partially with card and partially with UPI?,casual
Can I use multiple payment methods for a single transaction?,Is dual payment method supported for one order?,casual
Can I use multiple payment methods for a single transaction?,multiple payment methods single transaction,direct
Can I use multiple payment methods for a single transaction?,split payment between methods,direct
Can I use multiple payment methods for a single transaction?,combine different payment options,direct
Can I use multiple payment methods for a single transaction?,mixed payment methods,direct
Can I use multiple payment methods for a single transaction?,dual payment support,direct
Is there an option to save my payment details for future use?,Can I store my card information for quick payments?,casual
Is there an option to save my payment details for future use?,How to save payment methods for faster checkout?,casual
Is there an option to save my payment details for future use?,Is there a wallet feature to store payment info?,casual
Is there an option to save my payment details for future use?,Can I create payment shortcuts for convenience?,casual
Is there an option to save my payment details for future use?,How to enable oneclick payments?,casual
Is there an option to save my payment details for future use?,save payment details,direct
Is there an option to save my payment details for future use?,store card information,direct
Is there an option to save my payment details for future use?,payment shortcuts setup,direct
Is there an option to save my payment details for future use?,oneclick payment enable,direct
Is there an option to save my payment details for future use?,quick payment methods,direct
How do I disable saved payment methods if I no longer want them stored?,How to remove stored card details from app?,casual
How do I disable saved payment methods if I no longer want them stored?,Can I delete my saved payment information?,casual
How do I disable saved payment methods if I no longer want them stored?,Where to manage stored payment methods?,casual
How do I disable saved payment methods if I no longer want them stored?,How to clear saved payment data?,casual
How do I disable saved payment methods if I no longer want them stored?,How do I unsave my payment details?,casual
How do I disable saved payment methods if I no longer want them stored?,remove saved payment methods,direct
How do I disable saved payment methods if I no longer want them stored?,delete stored card details,direct
How do I disable saved payment methods if I no longer want them stored?,clear payment information,direct
How do I disable saved payment methods if I no longer want them stored?,manage saved payments,direct
How do I disable saved payment methods if I no longer want them stored?,unsave payment details,direct
Are there any additional charges for using wallets compared to UPI?,Do different payment methods have different fees?,casual
Are there any additional charges for using wallets compared to UPI?,Is there price difference between wallet and UPI payments?,casual
Are there any additional charges for using wallets compared to UPI?,Are wallet transactions more expensive than UPI?,casual
Are there any additional charges for using wallets compared to UPI?,Do you charge extra for specific payment methods?,casual
Are there any additional charges for using wallets compared to UPI?,Which payment option has lowest transaction cost?,casual
Are there any additional charges for using wallets compared to UPI?,payment method charges,direct
Are there any additional charges for using wallets compared to UPI?,wallet vs UPI fees,direct
Are there any additional charges for using wallets compared to UPI?,transaction cost difference,direct
Are there any additional charges for using wallets compared to UPI?,payment method pricing,direct
Are there any additional charges for using wallets compared to UPI?,additional charges payments,direct
Does Intucate offer cash payment options?,Can I pay with physical cash?,casual
Does Intucate offer cash payment options?,Do you accept cash on delivery payments?,casual
Does Intucate offer cash payment options?,Is offline cash payment available?,casual
Does Intucate offer cash payment options?,Can I make cash transactions for subscriptions?,casual
Does Intucate offer cash payment options?,Do you have cash collection facility?,casual
Does Intucate offer cash payment options?,cash payment options,direct
Does Intucate offer cash payment options?,offline cash payments,direct
Does Intucate offer cash payment options?,cash on delivery,direct
Does Intucate offer cash payment options?,physical cash accepted,direct
Does Intucate offer cash payment options?,cash collection service,direct
What should I do if I suspect fraud in my transaction?,How to report suspicious payment activity?,casual
What should I do if I suspect fraud in my transaction?,What steps to take for unauthorized transactions?,formal
What should I do if I suspect fraud in my transaction?,Who to contact for fraudulent charges?,casual
What should I do if I suspect fraud in my transaction?,How to secure my account from payment fraud?,casual
What should I do if I suspect fraud in my transaction?,What is the procedure for reporting transaction fraud?,formal
What should I do if I suspect fraud in my transaction?,transaction fraud reporting,direct
What should I do if I suspect fraud in my transaction?,suspicious payment activity,direct
What should I do if I suspect fraud in my transaction?,unauthorized transaction help,direct
What should I do if I suspect fraud in my transaction?,fraudulent charges report,direct
What should I do if I suspect fraud in my transaction?,payment security issues,direct
What happens if my payment fails multiple times?,Why do my payments keep getting declined?,casual
What happens if my payment fails multiple times?,What to do when transaction fails repeatedly?,casual
What happens if my payment fails multiple times?,How to resolve continuous payment failure?,formal
What happens if my payment fails multiple times?,What causes multiple payment rejections?,casual
What happens if my payment fails multiple times?,How to fix recurring transaction errors?,casual
What happens if my payment fails multiple times?,payment failure multiple times,direct
What happens if my payment fails multiple times?,transaction keeps declining,direct
What happens if my payment fails multiple times?,recurring payment errors,direct
What happens if my payment fails multiple times?,continuous payment failure,direct
What happens if my payment fails multiple times?,payment rejection issues,direct
Does the app notify users when a payment is successfully processed?,Will I get confirmation message after payment?,casual
Does the app notify users when a payment is successfully processed?,How do I know if my payment went through?,casual
Does the app notify users when a payment is successfully processed?,Do you send payment success notifications?,casual
Does the app notify users when a payment is successfully processed?,What confirmation do I receive after transaction?,formal
Does the app notify users when a payment is successfully processed?,How is successful payment communicated to users?,formal
Does the app notify users when a payment is successfully processed?,payment success notification,direct
Does the app notify users when a payment is successfully processed?,payment confirmation message,direct
Does the app notify users when a payment is successfully processed?,transaction completion alert,direct
Does the app notify users when a payment is successfully processed?,payment processed notification,direct
Does the app notify users when a payment is successfully processed?,successful payment confirmation,direct
Can I switch payment methods midtransaction?,Is it possible to change payment option during checkout?,casual
Can I switch payment methods midtransaction?,Can I modify payment method while processing?,casual
Can I switch payment methods midtransaction?,How to change payment selection during transaction?,casual
Can I switch payment methods midtransaction?,Is payment method switching allowed midprocess?,formal
Can I switch payment methods midtransaction?,Can I alter payment choice before completion?,casual
Can I switch payment methods midtransaction?,switch payment method midtransaction,direct
Can I switch payment methods midtransaction?,change payment during checkout,direct
Can I switch payment methods midtransaction?,modify payment while processing,direct
Can I switch payment methods midtransaction?,payment method switching,direct
Can I switch payment methods midtransaction?,alter payment choice,direct
Can I download my transaction history as a PDF?,How to export payment records?,casual
Can I download my transaction history as a PDF?,Is transaction history downloadable?,casual
Can I download my transaction history as a PDF?,Can I get printable payment statements?,casual
Can I download my transaction history as a PDF?,How to save payment history offline?,casual
Can I download my transaction history as a PDF?,Is PDF export available for transaction records?,formal
Can I download my transaction history as a PDF?,download transaction history PDF,direct
Can I download my transaction history as a PDF?,export payment records,direct
Can I download my transaction history as a PDF?,printable payment statements,direct
Can I download my transaction history as a PDF?,save payment history offline,direct
Can I download my transaction history as a PDF?,PDF transaction export,direct
Can I request a refund if I accidentally purchase the wrong subscription?,What if I bought wrong plan by mistake?,casual
Can I request a refund if I accidentally purchase the wrong subscription?,Do you refund accidental purchases?,casual
Can I request a refund if I accidentally purchase the wrong subscription?,Can I get money back for incorrect subscription selection?,casual
Can I request a refund if I accidentally purchase the wrong subscription?,Is refund available for unintended plan purchases?,casual
Can I request a refund if I accidentally purchase the wrong subscription?,How to get refund for mistakenly bought subscription?,casual
Can I request a refund if I accidentally purchase the wrong subscription?,accidental purchase refund,direct
Can I request a refund if I accidentally purchase the wrong subscription?,wrong subscription refund,direct
Can I request a refund if I accidentally purchase the wrong subscription?,mistaken plan purchase,direct
Can I request a refund if I accidentally purchase the wrong subscription?,unintended subscription refund,direct
Can I request a refund if I accidentally purchase the wrong subscription?,incorrect purchase refund,direct
How do I escalate refund requests if there's no response within the stipulated time?,What to do when refund request is ignored?,casual
How do I escalate refund requests if there's no response within the stipulated time?,How to follow up on unresponded refund applications?,formal
How do I escalate refund requests if there's no response within the stipulated time?,Where to escalate delayed refund processing?,formal
How do I escalate refund requests if there's no response within the stipulated time?,Who handles refund request escalations?,formal
How do I escalate refund requests if there's no response within the stipulated time?,How to expedite stuck refund requests?,formal
How do I escalate refund requests if there's no response within the stipulated time?,escalate refund requests,direct
How do I escalate refund requests if there's no response within the stipulated time?,unresponded refund applications,direct
How do I escalate refund requests if there's no response within the stipulated time?,expedite stuck refunds,direct
How do I escalate refund requests if there's no response within the stipulated time?,refund request escalation,direct
How do I escalate refund requests if there's no response within the stipulated time?,delayed refund escalation,direct
Can refunds be requested via phone or only through email?,What are the available channels for refund requests?,formal
Can refunds be requested via phone or only through email?,How to contact support for refund applications?,casual
Can refunds be requested via phone or only through email?,Is phone support available for refund matters?,casual
Can refunds be requested via phone or only through email?,Can I call to initiate refund process?,casual
Can refunds be requested via phone or only through email?,What communication methods work for refund requests?,formal
Can refunds be requested via phone or only through email?,refund request channels,direct
Can refunds be requested via phone or only through email?,phone support refunds,direct
Can refunds be requested via phone or only through email?,contact methods refund,direct
Can refunds be requested via phone or only through email?,refund communication options,direct
Can refunds be requested via phone or only through email?,call for refund requests,direct
What is the process for resolving double charges on my account?,How to fix duplicate payment issues?,casual
What is the process for resolving double charges on my account?,What to do if charged twice for same subscription?,casual
What is the process for resolving double charges on my account?,How to resolve multiple billing errors?,formal
What is the process for resolving double charges on my account?,What is procedure for duplicate charge refunds?,formal
What is the process for resolving double charges on my account?,How to handle incorrect double debiting?,casual
What is the process for resolving double charges on my account?,double charge resolution,direct
What is the process for resolving double charges on my account?,duplicate payment issues,direct
What is the process for resolving double charges on my account?,multiple billing errors,direct
What is the process for resolving double charges on my account?,duplicate charge refunds,direct
What is the process for resolving double charges on my account?,double debiting problems,direct
Is there an appeal process for rejected refund requests?,What to do if refund application is denied?,casual
Is there an appeal process for rejected refund requests?,Can I challenge refused refund decisions?,casual
Is there an appeal process for rejected refund requests?,How to contest rejected refund claims?,formal
Is there an appeal process for rejected refund requests?,Is there a review process for declined refunds?,formal
Is there an appeal process for rejected refund requests?,How to appeal against refund rejection?,formal
Is there an appeal process for rejected refund requests?,appeal rejected refunds,direct
Is there an appeal process for rejected refund requests?,challenge refund denial,direct
Is there an appeal process for rejected refund requests?,contest refused refunds,direct
Is there an appeal process for rejected refund requests?,review declined refunds,direct
Is there an appeal process for rejected refund requests?,refund rejection appeal,direct
What happens if a partial refund request is made after the refund deadline?,Can I still get partial refund after time limit?,casual
What happens if a partial refund request is made after the refund deadline?,Is prorated refund possible beyond deadline?,formal
What happens if a partial refund request is made after the refund deadline?,What if I request partial refund too late?,casual
What happens if a partial refund request is made after the refund deadline?,Are there exceptions for late partial refund requests?,formal
What happens if a partial refund request is made after the refund deadline?,How strict are partial refund time limits?,casual
What happens if a partial refund request is made after the refund deadline?,partial refund after deadline,direct
What happens if a partial refund request is made after the refund deadline?,late partial refund requests,direct
What happens if a partial refund request is made after the refund deadline?,partial refund time limits,direct
What happens if a partial refund request is made after the refund deadline?,prorated refund beyond deadline,direct
What happens if a partial refund request is made after the refund deadline?,partial refund exceptions,direct
Are refunds applicable to purchases made during promotional offers?,Can I get refund on sale price purchases?,casual
Are refunds applicable to purchases made during promotional offers?,Do promotional subscriptions qualify for refunds?,formal
Are refunds applicable to purchases made during promotional offers?,What is refund policy for discounted plans?,formal
Are refunds applicable to purchases made during promotional offers?,Are special offer purchases refundable?,casual
Are refunds applicable to purchases made during promotional offers?,How do refunds work for promotional deals?,formal
Are refunds applicable to purchases made during promotional offers?,promotional offer refunds,direct
Are refunds applicable to purchases made during promotional offers?,sale purchase refunds,direct
Are refunds applicable to purchases made during promotional offers?,discounted plan refund policy,direct
Are refunds applicable to purchases made during promotional offers?,special offer refund eligibility,direct
Are refunds applicable to purchases made during promotional offers?,promotional deal refunds,direct
What constitutes a valid technical issue for refund eligibility?,Which technical problems qualify for refunds?,formal
What constitutes a valid technical issue for refund eligibility?,What kind of app issues warrant refund?,casual
What constitutes a valid technical issue for refund eligibility?,How severe must technical problems be for refund?,casual
What constitutes a valid technical issue for refund eligibility?,What technical difficulties make me eligible for refund?,casual
What constitutes a valid technical issue for refund eligibility?,Which service failures qualify for money back?,formal
What constitutes a valid technical issue for refund eligibility?,valid technical issues refund,direct
What constitutes a valid technical issue for refund eligibility?,technical problems refund eligibility,direct
What constitutes a valid technical issue for refund eligibility?,app issues refund qualification,direct
What constitutes a valid technical issue for refund eligibility?,service failure refunds,direct
What constitutes a valid technical issue for refund eligibility?,technical difficulties refund,direct
Does the refund timeline start from the date of request or resolution?,When does refund processing time begin?,casual
Does the refund timeline start from the date of request or resolution?,How is refund timeline calculated?,formal
Does the refund timeline start from the date of request or resolution?,What is the starting point for refund duration?,formal
Does the refund timeline start from the date of request or resolution?,From which date is refund processing counted?,formal
Does the refund timeline start from the date of request or resolution?,When does the refund clock start ticking?,casual
Does the refund timeline start from the date of request or resolution?,refund timeline calculation,direct
Does the refund timeline start from the date of request or resolution?,refund processing start date,direct
Does the refund timeline start from the date of request or resolution?,refund duration starting point,direct
Does the refund timeline start from the date of request or resolution?,refund clock timing,direct
Does the refund timeline start from the date of request or resolution?,refund timeline counting,direct
Who can I contact if my refund timeline exceeds 30 days?,What to do when refund takes longer than promised?,casual
Who can I contact if my refund timeline exceeds 30 days?,Who handles extremely delayed refund cases?,formal
Who can I contact if my refund timeline exceeds 30 days?,How to escalate refunds beyond normal timeline?,formal
Who can I contact if my refund timeline exceeds 30 days?,Where to complain about excessive refund delays?,casual
Who can I contact if my refund timeline exceeds 30 days?,Who manages overdue refund situations?,formal
Who can I contact if my refund timeline exceeds 30 days?,refund exceeds 30 days,direct
Who can I contact if my refund timeline exceeds 30 days?,extremely delayed refunds,direct
Who can I contact if my refund timeline exceeds 30 days?,excessive refund delays,direct
Who can I contact if my refund timeline exceeds 30 days?,overdue refund situations,direct
Who can I contact if my refund timeline exceeds 30 days?,refund beyond timeline,direct
Do referral bonuses have any expiration period?,How long are referral rewards valid?,casual
Do referral bonuses have any expiration period?,Do loyalty points expire after some time?,casual
Do referral bonuses have any expiration period?,What is the validity of earned rewards?,formal
Do referral bonuses have any expiration period?,Is there time limit on bonus points?,casual
Do referral bonuses have any expiration period?,How long can I keep unused rewards?,casual
Do referral bonuses have any expiration period?,referral bonus expiration,direct
Do referral bonuses have any expiration period?,loyalty points validity,direct
Do referral bonuses have any expiration period?,rewards expiration period,direct
Do referral bonuses have any expiration period?,bonus points time limit,direct
Do referral bonuses have any expiration period?,unused rewards validity,direct
Can I access payment history from previous subscriptions?,How to view old subscription payment records?,casual
Can I access payment history from previous subscriptions?,Are past subscription transactions visible?,casual
Can I access payment history from previous subscriptions?,Can I see payment history from expired plans?,casual
Can I access payment history from previous subscriptions?,How to check previous subscription billing?,casual
Can I access payment history from previous subscriptions?,Is historical payment data available for old subscriptions?,formal
Can I access payment history from previous subscriptions?,previous subscription payment history,direct
Can I access payment history from previous subscriptions?,old subscription billing records,direct
Can I access payment history from previous subscriptions?,expired plan payment history,direct
Can I access payment history from previous subscriptions?,historical subscription payments,direct
Can I access payment history from previous subscriptions?,past subscription transactions,direct
Does the app include tax breakdowns for each payment?,Can I see tax details in my bill?,casual
Does the app include tax breakdowns for each payment?,Are taxes shown separately in payment summary?,casual
Does the app include tax breakdowns for each payment?,How to view tax components of my payment?,formal
Does the app include tax breakdowns for each payment?,Is tax information displayed in transaction details?,formal
Does the app include tax breakdowns for each payment?,Where can I find tax breakdown in payments?,casual
Does the app include tax breakdowns for each payment?,tax breakdown payments,direct
Does the app include tax breakdowns for each payment?,tax details billing,direct
Does the app include tax breakdowns for each payment?,payment tax components,direct
Does the app include tax breakdowns for each payment?,transaction tax information,direct
Does the app include tax breakdowns for each payment?,tax breakdown viewing,direct
Is the End User License Agreement available for download?,Where can I find the terms of service document?,casual
Is the End User License Agreement available for download?,How to access user agreement for download?,formal
Is the End User License Agreement available for download?,Can I save the license agreement offline?,casual
Is the End User License Agreement available for download?,Is EULA downloadable from the app?,casual
Is the End User License Agreement available for download?,Where to get printable version of user agreement?,casual
Is the End User License Agreement available for download?,download user agreement,direct
Is the End User License Agreement available for download?,terms of service document,direct
Is the End User License Agreement available for download?,EULA download,direct
Is the End User License Agreement available for download?,license agreement offline,direct
Is the End User License Agreement available for download?,printable user agreement,direct
Are refunds compliant with the latest consumer protection laws?,Do your refund policies follow consumer rights?,formal
Are refunds compliant with the latest consumer protection laws?,Is your refund system legally compliant?,formal
Are refunds compliant with the latest consumer protection laws?,Are refund terms according to consumer protection acts?,formal
Are refunds compliant with the latest consumer protection laws?,Do you follow legal requirements for refunds?,formal
Are refunds compliant with the latest consumer protection laws?,Is your refund policy consumer law compliant?,formal
Are refunds compliant with the latest consumer protection laws?,refund legal compliance,direct
Are refunds compliant with the latest consumer protection laws?,consumer protection law compliance,direct
Are refunds compliant with the latest consumer protection laws?,refund policy legal requirements,direct
Are refunds compliant with the latest consumer protection laws?,consumer rights refunds,direct
Are refunds compliant with the latest consumer protection laws?,legal refund compliance,direct